{"satDelta":0.08,"resWidth":1920,"camName":"C920","maxHue":367.1053,"hueDelta":15.0,"maxBri":0.4911765,"briDelta":0.15,"minHue":337.1053,"maxSat":0.9535632,"minBri":0.19117647,"resHeight":1080,"minSat":0.79356325}